algorithm,scenario,trial,duration_seconds,seed,drop_rate,throughput_fraction,avg_latency_us,p99_latency_us,avg_occupancy,max_occupancy,avg_queue_depth_bytes,queue_depth_std,packets_arrived,packets_dropped,packets_drained,backpressure_events,utilization
No Control (Baseline),Uniform_10MB,0,0.03861689567565918,42,0.0,0.49301775147928995,124.11250962778962,247.44371867150815,0.3190212270133164,0.64275,3190212.2701331642,1869493.7016482784,8450.0,0.0,4166.0,0.0,0.9998400000000317
No Control (Baseline),Uniform_10MB,1,0.016240835189819336,43,0.0,0.4980279670132664,126.209531650472,251.25243070181102,0.31630812589755863,0.63,3163081.2589755864,1817809.753539365,8367.0,0.0,4167.0,0.0,1.0000800000000318
No Control (Baseline),Uniform_10MB,2,0.016672134399414062,44,0.0,0.4926696618585954,126.92583464722378,249.32229322675184,0.3195711326732673,0.64395,3195711.326732673,1834153.0266266188,8458.0,0.0,4167.0,0.0,1.0000800000000318
No Control (Baseline),Uniform_10MB,3,0.015901803970336914,45,0.0,0.4934864992894363,125.8355104674286,251.97546287228244,0.32106199349774006,0.64155,3210619.9349774006,1865471.202378255,8444.0,0.0,4167.0,0.0,1.0000800000000318
No Control (Baseline),Uniform_10MB,4,0.016294002532958984,46,0.0,0.49150743099787686,127.90791077942104,251.0080563044227,0.32305016607354686,0.64665,3230501.6607354684,1851962.3678623338,8478.0,0.0,4167.0,0.0,1.0000800000000318
No Control (Baseline),Uniform_10MB,5,0.01518392562866211,47,0.0,0.5176441351888668,116.71070771598859,233.67487093067822,0.28568386687407893,0.5823,2856838.6687407894,1687610.4675823918,8048.0,0.0,4166.0,0.0,0.9998400000000317
No Control (Baseline),Uniform_10MB,6,0.03873705863952637,48,0.0,0.5047861383739246,127.08349163639323,248.66429230312104,0.3120292535630888,0.61305,3120292.5356308883,1774195.7546643706,8253.0,0.0,4166.0,0.0,0.9998400000000317
No Control (Baseline),Uniform_10MB,7,0.0156400203704834,49,0.0,0.4961895689449869,128.9772217692491,254.15160208784175,0.32232619578193394,0.6348,3223261.9578193394,1833694.889536458,8398.0,0.0,4167.0,0.0,1.0000800000000318
No Control (Baseline),Uniform_10MB,8,0.01548910140991211,50,0.0,0.5002400960384153,126.50822440607091,248.60081580855123,0.31455288069136594,0.6246,3145528.8069136594,1806177.615526579,8330.0,0.0,4167.0,0.0,1.0000800000000318
No Control (Baseline),Uniform_10MB,9,0.015928983688354492,51,0.0,0.49755223880597016,127.69715054424783,252.18511512486583,0.3195265388295328,0.6312,3195265.388295328,1830219.1927542877,8375.0,0.0,4167.0,0.0,1.0000800000000318
No Control (Baseline),Bursty_10MB,0,0.02136087417602539,52,0.1990682540856319,0.3080677364490128,176.94476222891214,347.43952574170885,0.5850161532306462,0.9999,5850161.532306462,3191159.123934967,13523.0,2692.0,4166.0,0.0,0.9998400000000317
No Control (Baseline),Bursty_10MB,1,0.04299330711364746,53,0.22632481074132266,0.29760034280817027,184.61066865388864,354.12413778234986,0.602965,0.9999,6029650.0,3194945.6111646094,14002.0,3169.0,4167.0,0.0,1.0000800000000318
No Control (Baseline),Bursty_10MB,2,0.021754026412963867,54,0.22017423860609114,0.2998776009791922,165.07024736304606,334.327136216461,0.5753495265404108,0.9999,5753495.265404108,3293043.7212500344,13889.0,3058.0,4165.0,0.0,0.9996000000000318
No Control (Baseline),Bursty_10MB,3,0.022428274154663086,55,0.13175621491579792,0.33368083400160387,169.8753344275965,335.02156459165735,0.5603048638911129,0.9999,5603048.638911129,3140941.371387716,12470.0,1643.0,4161.0,0.0,0.9986400000000317
No Control (Baseline),Bursty_10MB,4,0.023051023483276367,56,0.20841859105524702,0.30451622332651274,167.88108829188766,342.1656774673157,0.5747494366291086,0.9999,5747494.366291086,3251922.495562598,13684.0,2852.0,4167.0,0.0,1.0000800000000318
No Control (Baseline),Bursty_10MB,5,0.023255109786987305,57,0.20110660272962005,0.30741423828845443,176.79517987435293,347.16516118182,0.5817404507868765,0.9999,5817404.507868765,3181836.4535345878,13555.0,2726.0,4167.0,0.0,1.0000800000000318
No Control (Baseline),Bursty_10MB,6,0.0492711067199707,58,0.19517087667161961,0.3095839524517088,164.8050676737685,324.491297358946,0.5621042,0.9999,5621042.0,3225614.8334288145,13460.0,2627.0,4167.0,0.0,1.0000800000000318
No Control (Baseline),Bursty_10MB,7,0.022858142852783203,59,0.19308700834326578,0.3103396901072706,171.70220791539862,335.9553898396063,0.5630496232831044,0.9999,5630496.232831044,3183897.9509385573,13424.0,2592.0,4166.0,0.0,0.9998400000000317
No Control (Baseline),Bursty_10MB,8,0.022047996520996094,60,0.20351444746709801,0.3063745312844644,177.11378966986882,352.6216299004624,0.58927036,0.9999,5892703.6,3207016.683390818,13601.0,2768.0,4167.0,0.0,1.0000800000000318
No Control (Baseline),Bursty_10MB,9,0.02215719223022461,61,0.21785611095059232,0.3009245882692863,173.80077055056321,348.629846516421,0.5831025710284113,0.9999,5831025.710284114,3221988.948802234,13844.0,3016.0,4166.0,0.0,0.9998400000000317
No Control (Baseline),Incast_50_senders,0,0.03483223915100098,62,0.0,0.6885950413223141,78.12348591136488,153.9484724103995,0.1414378132341425,0.2829,1414378.1323414252,810293.9822277899,6050.0,0.0,4166.0,0.0,0.9998400000000317
No Control (Baseline),Incast_50_senders,1,0.011953115463256836,63,0.0,0.6440940012368583,89.50991733059598,176.48553061204052,0.17330485706225315,0.3453,1733048.5706225315,993626.2390320197,6468.0,0.0,4166.0,0.0,0.9998400000000317
No Control (Baseline),Incast_50_senders,2,0.011347055435180664,64,0.0,0.6652826572979879,84.255178248255,166.00985815774305,0.15799188722669735,0.31515,1579918.8722669736,905747.0412375527,6262.0,0.0,4166.0,0.0,0.9998400000000317
No Control (Baseline),Incast_50_senders,3,0.012444019317626953,65,0.0,0.6312121212121212,92.91546009049415,183.12842620834698,0.18363966654282,0.36675,1836396.6654281998,1053155.3706808044,6600.0,0.0,4166.0,0.0,0.9998400000000317
No Control (Baseline),Incast_50_senders,4,0.011627912521362305,66,0.0,0.6773983739837398,81.21130292369195,160.17507529061055,0.14955508918185342,0.29895,1495550.8918185344,857054.6619449847,6150.0,0.0,4166.0,0.0,0.9998400000000317
No Control (Baseline),Incast_50_senders,5,0.012871980667114258,67,0.0,0.6098667837798273,97.97942020087461,193.18230006123804,0.20032150131854143,0.39975,2003215.0131854143,1149716.7974408574,6831.0,0.0,4166.0,0.0,0.9998400000000317
No Control (Baseline),Incast_50_senders,6,0.01213216781616211,68,0.0,0.6454911682677409,89.31439025845928,176.06743597942813,0.17266937853107345,0.34485,1726693.7853107345,990543.9116147673,6454.0,0.0,4166.0,0.0,0.9998400000000317
No Control (Baseline),Incast_50_senders,7,0.011417150497436523,69,0.0,0.7245217391304348,69.54361228299436,136.94869349795115,0.11979203307785397,0.2394,1197920.3307785396,685634.0076106394,5750.0,0.0,4166.0,0.0,0.9998400000000317
No Control (Baseline),Incast_50_senders,8,0.012851238250732422,70,0.0,0.5951428571428572,101.69928748367943,200.59147545429516,0.21298784255776465,0.42555,2129878.4255776466,1221941.8273619367,7000.0,0.0,4166.0,0.0,0.9998400000000317
No Control (Baseline),Incast_50_senders,9,0.011869192123413086,71,0.0,0.6806077438327071,80.37992558489579,158.37176004859802,0.14724601924759406,0.29325,1472460.1924759406,842873.5874737418,6121.0,0.0,4166.0,0.0,0.9998400000000317
No Control (Baseline),Incast_Small_Buffer,0,0.011841058731079102,72,0.2555846556770914,0.6418117393313819,62.06001020892991,79.91774860017276,0.8282998999777729,0.999,828299.8999777728,283788.72198782844,6491.0,1659.0,4166.0,0.0,0.9998400000000317
No Control (Baseline),Incast_Small_Buffer,1,0.011713743209838867,73,0.2641221374045801,0.636030534351145,62.43638530904802,79.9173548650967,0.8324684509236591,0.999,832468.450923659,281263.4653018861,6550.0,1730.0,4166.0,0.0,0.9998400000000317
No Control (Baseline),Incast_Small_Buffer,2,0.03905296325683594,74,0.174017094017094,0.7121367521367521,57.70351346091035,79.91640899807261,0.7777910091131363,0.999,777791.0091131362,307026.48261902534,5850.0,1018.0,4166.0,0.0,0.9998400000000317
No Control (Baseline),Incast_Small_Buffer,3,0.011333227157592773,75,0.17606837606837608,0.7121367521367521,57.848367343091894,79.91544589086033,0.779199922101046,0.999,779199.9221010461,306611.87061872176,5850.0,1030.0,4166.0,0.0,0.9998400000000317
No Control (Baseline),Incast_Small_Buffer,4,0.012221813201904297,76,0.2338095238095238,0.6612698412698412,61.08832122719691,79.91747187425972,0.8169288891359947,0.999,816928.8891359947,289829.2086280816,6300.0,1473.0,4166.0,0.0,0.9998400000000317
No Control (Baseline),Incast_Small_Buffer,5,0.012296915054321289,77,0.28930725106633326,0.6127371672304751,63.3126348746399,79.91779619090414,0.8427141031340297,0.999,842714.1031340298,274573.4282311167,6799.0,1967.0,4166.0,0.0,0.9998400000000317
No Control (Baseline),Incast_Small_Buffer,6,0.011760950088500977,78,0.1741880341880342,0.7121367521367521,57.72960690570681,79.9162584606758,0.7781272090696899,0.999,778127.2090696899,307096.9484573733,5850.0,1019.0,4166.0,0.0,0.9998400000000317
No Control (Baseline),Incast_Small_Buffer,7,0.01140594482421875,79,0.2,0.6897350993377483,59.4352936171594,79.91722563102007,0.7980541787063792,0.999,798054.1787063791,299369.4136439184,6040.0,1208.0,4166.0,0.0,0.9998400000000317
No Control (Baseline),Incast_Small_Buffer,8,0.011600017547607422,80,0.21379759192971037,0.6778392450374228,60.15908644250833,79.91759339877868,0.8063786952656146,0.999,806378.6952656145,295266.28766949987,6146.0,1314.0,4166.0,0.0,0.9998400000000317
No Control (Baseline),Incast_Small_Buffer,9,0.012300968170166016,81,0.24464592777864624,0.6512427700484602,61.570561969286274,79.91768769307649,0.8226296399199822,0.999,822629.6399199822,286842.1089720871,6397.0,1565.0,4166.0,0.0,0.9998400000000317
No Control (Baseline),Incast_Large_Buffer,0,0.01214599609375,82,0.0,0.6516502424526827,87.32960883598723,172.1750582364443,0.016707869116393596,0.033405,1670786.9116393598,958540.3180833567,6393.0,0.0,4166.0,0.0,0.9998400000000317
No Control (Baseline),Incast_Large_Buffer,1,0.01231074333190918,83,0.0,0.6432983323038913,89.65285067614587,176.68542749657692,0.01737837107686525,0.03465,1737837.107686525,996540.528708961,6476.0,0.0,4166.0,0.0,0.9998400000000317
No Control (Baseline),Incast_Large_Buffer,2,0.011281013488769531,84,0.0,0.7238922675933971,69.79689157658704,137.38366213154382,0.012029281826428788,0.023985,1202928.1826428787,687509.1659379371,5755.0,0.0,4166.0,0.0,0.9998400000000317
No Control (Baseline),Incast_Large_Buffer,3,0.012809038162231445,85,0.0,0.6489096573208722,88.2872341056766,174.07542795438724,0.016967087190629133,0.03381,1696708.7190629132,972778.1293183696,6420.0,0.0,4166.0,0.0,0.9998400000000317
No Control (Baseline),Incast_Large_Buffer,4,0.012223958969116211,86,0.0,0.6773983739837398,81.30645563691658,160.1531933785485,0.014973655486622724,0.02991,1497365.5486622723,857766.0835181823,6150.0,0.0,4166.0,0.0,0.9998400000000317
No Control (Baseline),Incast_Large_Buffer,5,0.012993097305297852,87,0.0,0.6109400205308696,97.81612213195753,192.91707163051677,0.019967594446973144,0.039795,1996759.4446973144,1145874.9760253804,6819.0,0.0,4166.0,0.0,0.9998400000000317
No Control (Baseline),Incast_Large_Buffer,6,0.012816190719604492,88,0.0,0.6344806579348157,91.9375620581083,181.20826033727946,0.018073512858740218,0.03603,1807351.2858740217,1036762.6643683339,6566.0,0.0,4166.0,0.0,0.9998400000000317
No Control (Baseline),Incast_Large_Buffer,7,0.012581110000610352,89,0.0,0.6719354838709677,82.67158771577675,162.89859447635533,0.015351429191587884,0.030675,1535142.9191587884,879874.5030056739,6200.0,0.0,4166.0,0.0,0.9998400000000317
No Control (Baseline),Incast_Large_Buffer,8,0.043015241622924805,90,0.0,0.645891472868217,89.22132692894134,175.8647674101438,0.017237452901281085,0.03444,1723745.2901281086,988727.6651548442,6450.0,0.0,4166.0,0.0,0.9998400000000317
No Control (Baseline),Incast_Large_Buffer,9,0.011795997619628906,91,0.0,0.7306208347948089,68.07876752961312,133.98485466072552,0.01162722233481962,0.02322,1162722.233481962,664787.6735516075,5702.0,0.0,4166.0,0.0,0.9998400000000317
Direct-to-Source (PF4-A),Uniform_10MB,0,0.017611980438232422,92,0.0,0.49952026864955623,126.70130162587557,244.61325247816723,0.3132171078941054,0.62625,3132171.078941054,1786103.0628630284,8338.0,0.0,4165.0,0.0,0.9996000000000318
Direct-to-Source (PF4-A),Uniform_10MB,1,0.017449140548706055,93,0.0,0.5022908126356402,124.42657214362194,246.7337599320905,0.31032926966292135,0.61935,3103292.6966292136,1798989.449075247,8294.0,0.0,4166.0,0.0,0.9998400000000317
Direct-to-Source (PF4-A),Uniform_10MB,2,0.016704082489013672,94,0.0,0.5090398240899096,122.19926055816414,240.0435783188682,0.2997661661134947,0.60285,2997661.661134947,1732797.418827321,8186.0,0.0,4167.0,0.0,1.0000800000000318
Direct-to-Source (PF4-A),Uniform_10MB,3,0.017197132110595703,95,0.0,0.5092886824737228,123.20239937696425,241.81718476870927,0.3007862701433314,0.60225,3007862.7014333145,1730576.1191298056,8182.0,0.0,4167.0,0.0,1.0000800000000318
Direct-to-Source (PF4-A),Uniform_10MB,4,0.01687479019165039,96,0.0,0.5018063583815029,123.65601335942718,246.34381934378,0.30930072167428435,0.62055,3093007.2167428434,1798111.8253837598,8304.0,0.0,4167.0,0.0,1.0000800000000318
Direct-to-Source (PF4-A),Uniform_10MB,5,0.042298078536987305,97,0.0,0.5027750965250966,124.13814742546329,246.32589364746408,0.30998418305901243,0.6183,3099841.8305901242,1792179.5421982158,8288.0,0.0,4167.0,0.0,1.0000800000000318
Direct-to-Source (PF4-A),Uniform_10MB,6,0.0167238712310791,98,0.0,0.5010825114265095,129.33494980348527,252.38237991939056,0.31542365384615384,0.6222,3154236.5384615385,1758890.5769939239,8314.0,0.0,4166.0,0.0,0.9998400000000317
Direct-to-Source (PF4-A),Uniform_10MB,7,0.016337156295776367,99,0.0,0.49719603865887124,122.43967046064206,249.6049706395066,0.3131127111890341,0.6321,3131127.111890341,1850771.3462899006,8381.0,0.0,4167.0,0.0,1.0000800000000318
Direct-to-Source (PF4-A),Uniform_10MB,8,0.01656317710876465,100,0.0,0.49512832699619774,126.33764101619298,249.77205091716183,0.31738087896368117,0.63735,3173808.7896368117,1830492.9459499929,8416.0,0.0,4167.0,0.0,1.0000800000000318
Direct-to-Source (PF4-A),Uniform_10MB,9,0.016973018646240234,101,0.0,0.5057066537153958,121.81239324340088,241.96771731682827,0.30210497137327635,0.61065,3021049.7137327637,1761919.2006741331,8236.0,0.0,4165.0,0.0,0.9996000000000318
Direct-to-Source (PF4-A),Bursty_10MB,0,0.045591115951538086,102,0.0,0.43863157894736843,187.33075764253624,371.73649194944943,0.5420856881539474,0.8001,5420856.881539474,2667022.2669372736,9500.0,0.0,4167.0,0.0,1.0000800000000318
Direct-to-Source (PF4-A),Bursty_10MB,1,0.020385026931762695,103,0.0,0.43867775555321614,177.47613410927647,353.13550257221914,0.5148786001756183,0.8001,5148786.001756183,2647067.4536331734,9499.0,0.0,4167.0,0.0,1.0000800000000318
Direct-to-Source (PF4-A),Bursty_10MB,2,0.01897406578063965,104,0.0,0.43863157894736843,185.29735677408004,364.8397639738435,0.5284913441135582,0.8001,5284913.4411355825,2638792.5964947483,9500.0,0.0,4167.0,0.0,1.0000800000000318
Direct-to-Source (PF4-A),Bursty_10MB,3,0.018954992294311523,105,0.0,0.4384672070744289,170.0790919003565,330.24474876009566,0.49911362704918033,0.8001,4991136.270491803,2652751.8211655854,9499.0,0.0,4165.0,0.0,0.9996000000000318
Direct-to-Source (PF4-A),Bursty_10MB,4,0.01883101463317871,106,0.0,0.43863157894736843,170.23478920766078,354.56621682470706,0.5116390795346455,0.8001,5116390.795346455,2730284.675416481,9500.0,0.0,4167.0,0.0,1.0000800000000318
Direct-to-Source (PF4-A),Bursty_10MB,5,0.04450201988220215,107,0.0,0.4384672070744289,177.36261685037786,356.76726383297176,0.517384294496487,0.8001,5173842.944964871,2667979.548454577,9499.0,0.0,4165.0,0.0,0.9996000000000318
Direct-to-Source (PF4-A),Bursty_10MB,6,0.018418312072753906,108,0.0,0.4385263157894737,168.14231342184854,340.16762551063294,0.5078991767891117,0.8001,5078991.767891116,2728522.610360744,9500.0,0.0,4166.0,0.0,0.9998400000000317
Direct-to-Source (PF4-A),Bursty_10MB,7,0.018390893936157227,109,0.0,0.4385854120618882,176.61446710243231,355.9503445569635,0.5154179323968394,0.8001,5154179.323968394,2668123.2819066327,9501.0,0.0,4167.0,0.0,1.0000800000000318
Direct-to-Source (PF4-A),Bursty_10MB,8,0.01885819435119629,110,0.0,0.43863157894736843,186.71226899307604,366.9131683055933,0.5316918416623985,0.8001,5316918.416623984,2627854.3874577642,9500.0,0.0,4167.0,0.0,1.0000800000000318
Direct-to-Source (PF4-A),Bursty_10MB,9,0.018800973892211914,111,0.0,0.4385854120618882,185.32537268200343,352.5342123521786,0.5239370939420545,0.8001,5239370.939420545,2604454.7787173716,9501.0,0.0,4167.0,0.0,1.0000800000000318
Direct-to-Source (PF4-A),Incast_50_senders,0,0.03615117073059082,112,0.0,0.6859871562654372,79.05318165745467,155.62485099517025,0.1437053032522707,0.28605,1437053.0325227072,822692.1890084926,6073.0,0.0,4166.0,0.0,0.9998400000000317
Direct-to-Source (PF4-A),Incast_50_senders,1,0.013258934020996094,113,0.0,0.6748744532642151,81.81403118922626,161.1335828933671,0.15116050875326434,0.30105,1511605.0875326435,865634.0429210797,6173.0,0.0,4166.0,0.0,0.9998400000000317
Direct-to-Source (PF4-A),Incast_50_senders,2,0.01331019401550293,114,0.0,0.6171851851851852,96.16623893771616,189.58931531875896,0.19432052033711983,0.3885,1943205.2033711981,1115366.047050069,6750.0,0.0,4166.0,0.0,0.9998400000000317
Direct-to-Source (PF4-A),Incast_50_senders,3,0.013809919357299805,115,0.0,0.6191113092584336,95.70578829921644,188.6036758593852,0.19275761358421292,0.38445,1927576.1358421294,1105929.1233376076,6729.0,0.0,4166.0,0.0,0.9998400000000317
Direct-to-Source (PF4-A),Incast_50_senders,4,0.012392282485961914,116,0.0,0.6885950413223141,78.46193885287279,154.57783250247581,0.14216693422083007,0.2841,1421669.3422083007,814522.4884587107,6050.0,0.0,4166.0,0.0,0.9998400000000317
Direct-to-Source (PF4-A),Incast_50_senders,5,0.012346267700195312,117,0.0,0.6612698412698412,84.97597594919442,167.39190300219795,0.16017295528377604,0.32025,1601729.5528377604,918029.9490560091,6300.0,0.0,4166.0,0.0,0.9998400000000317
Direct-to-Source (PF4-A),Incast_50_senders,6,0.012242317199707031,118,0.0,0.7081421043685194,73.32457147282425,144.39985293314882,0.1291219972136531,0.25755,1291219.972136531,739356.6175273876,5883.0,0.0,4166.0,0.0,0.9998400000000317
Direct-to-Source (PF4-A),Incast_50_senders,7,0.012347221374511719,119,0.0,0.660640659689185,85.48187340038808,168.59762247996116,0.16146027501909854,0.32235,1614602.7501909854,925934.8480649372,6306.0,0.0,4166.0,0.0,0.9998400000000317
Direct-to-Source (PF4-A),Incast_50_senders,8,0.013292074203491211,120,0.0,0.6312121212121212,92.73729454709866,182.84258614053348,0.18320641370982724,0.36615,1832064.1370982723,1050662.6320212302,6600.0,0.0,4166.0,0.0,0.9998400000000317
Direct-to-Source (PF4-A),Incast_50_senders,9,0.011898040771484375,121,0.0,0.6943333333333334,76.83472579262678,151.30276818757577,0.13798133484162894,0.27585,1379813.3484162895,790064.758548959,6000.0,0.0,4166.0,0.0,0.9998400000000317
Direct-to-Source (PF4-A),Incast_Small_Buffer,0,0.011848926544189453,122,0.0,0.8863829787234042,52.356522122583655,64.0480951682126,0.6869169298443492,0.801,686916.9298443492,212767.7875257921,4700.0,0.0,4166.0,0.0,0.9998400000000317
Direct-to-Source (PF4-A),Incast_Small_Buffer,1,0.010943889617919922,123,0.0,0.8863829787234042,52.005271126574094,64.05946466497569,0.6827492104669524,0.801,682749.2104669524,215607.6265229828,4700.0,0.0,4166.0,0.0,0.9998400000000317
Direct-to-Source (PF4-A),Incast_Small_Buffer,2,0.01068878173828125,124,0.0,0.8865716109810599,49.95178382889071,64.04722566789918,0.6584949238578681,0.801,658494.9238578681,229666.8763359399,4699.0,0.0,4166.0,0.0,0.9998400000000317
Direct-to-Source (PF4-A),Incast_Small_Buffer,3,0.037947893142700195,125,0.0,0.8865716109810599,51.940491290863754,64.05711176221247,0.6819747884940779,0.801,681974.7884940779,215885.37871219194,4699.0,0.0,4166.0,0.0,0.9998400000000317
Direct-to-Source (PF4-A),Incast_Small_Buffer,4,0.011417150497436523,126,0.0,0.8863829787234042,51.75008701557169,64.04795565022063,0.6797745883149109,0.801,679774.5883149109,217567.5388666769,4700.0,0.0,4166.0,0.0,0.9998400000000317
Direct-to-Source (PF4-A),Incast_Small_Buffer,5,0.010702133178710938,127,0.0,0.8863829787234042,50.6991015116468,64.04690192759372,0.6674108391608392,0.801,667410.8391608392,225197.73269257296,4700.0,0.0,4166.0,0.0,0.9998400000000317
Direct-to-Source (PF4-A),Incast_Small_Buffer,6,0.010903120040893555,128,0.0,0.8865716109810599,51.391389714769055,64.06016292795191,0.6754874788494077,0.801,675487.4788494078,220121.40208010553,4699.0,0.0,4166.0,0.0,0.9998400000000317
Direct-to-Source (PF4-A),Incast_Small_Buffer,7,0.010702133178710938,129,0.0,0.8863829787234042,50.0402682531351,64.05461874141557,0.6595782201669299,0.801,659578.2201669299,229501.75045770995,4700.0,0.0,4166.0,0.0,0.9998400000000317
Direct-to-Source (PF4-A),Incast_Small_Buffer,8,0.01170206069946289,130,0.0,0.8863829787234042,53.25651142590783,64.05941948578356,0.6975208098353259,0.801,697520.8098353259,205062.0620461381,4700.0,0.0,4166.0,0.0,0.9998400000000317
Direct-to-Source (PF4-A),Incast_Small_Buffer,9,0.01332998275756836,131,0.0,0.8865716109810599,51.415489164145356,64.0550506903001,0.6757598984771573,0.801,675759.8984771573,219977.5033859799,4699.0,0.0,4166.0,0.0,0.9998400000000317
Direct-to-Source (PF4-A),Incast_Large_Buffer,0,0.011519193649291992,132,0.0,0.7190196755264067,70.42289534883393,138.7091045192939,0.012211135542168676,0.02442,1221113.5542168675,699300.1428687708,5794.0,0.0,4166.0,0.0,0.9998400000000317
Direct-to-Source (PF4-A),Incast_Large_Buffer,1,0.0117950439453125,133,0.0,0.6773983739837398,81.081954327132,159.84057772626883,0.014932028887165568,0.029865,1493202.8887165568,856311.3197733844,6150.0,0.0,4166.0,0.0,0.9998400000000317
Direct-to-Source (PF4-A),Incast_Large_Buffer,2,0.012638092041015625,134,0.0,0.6126470588235294,97.32240296878268,192.04221366027033,0.019815731807404705,0.03963,1981573.1807404705,1137804.0358851166,6800.0,0.0,4166.0,0.0,0.9998400000000317
Direct-to-Source (PF4-A),Incast_Large_Buffer,3,0.011898279190063477,135,0.0,0.6694520327816166,83.06308798283308,163.7847288902097,0.015477076234478776,0.030855,1547707.6234478776,887632.1288651554,6223.0,0.0,4166.0,0.0,0.9998400000000317
Direct-to-Source (PF4-A),Incast_Large_Buffer,4,0.012021303176879883,136,0.0,0.6666666666666666,83.63168142325442,164.7176664217593,0.015631546807489197,0.031245,1563154.6807489197,895189.1320401705,6249.0,0.0,4166.0,0.0,0.9998400000000317
Direct-to-Source (PF4-A),Incast_Large_Buffer,5,0.012341976165771484,137,0.0,0.6581358609794629,85.8740793069746,169.1738038056353,0.01627232469512195,0.03246,1627232.469512195,933210.8183450397,6330.0,0.0,4166.0,0.0,0.9998400000000317
Direct-to-Source (PF4-A),Incast_Large_Buffer,6,0.0120697021484375,138,0.0,0.6885950413223141,78.43153230142302,154.51062214250234,0.014207217110415036,0.02838,1420721.7110415036,813608.1985130172,6050.0,0.0,4166.0,0.0,0.9998400000000317
Direct-to-Source (PF4-A),Incast_Large_Buffer,7,0.01239776611328125,139,0.0,0.6579279848389135,85.98084571471786,169.40293515375714,0.016291070203848353,0.03249,1629107.0203848353,933304.7762615936,6332.0,0.0,4166.0,0.0,0.9998400000000317
Direct-to-Source (PF4-A),Incast_Large_Buffer,8,0.01377105712890625,140,0.0,0.6610599809584259,85.53840378798658,168.61689412263198,0.016143539358043562,0.03222,1614353.9358043561,924752.2738934243,6302.0,0.0,4166.0,0.0,0.9998400000000317
Direct-to-Source (PF4-A),Incast_Large_Buffer,9,0.04069209098815918,141,0.0,0.6417128773875539,89.877220021192,177.22583617784295,0.017461217395383748,0.03489,1746121.7395383748,1001700.5979077985,6492.0,0.0,4166.0,0.0,0.9998400000000317
Adaptive Hysteresis (PF4-B),Uniform_10MB,0,0.017026901245117188,142,0.0,0.5114766171596907,117.7027714476348,235.66882507728158,0.2918975028422933,0.597,2918975.028422933,1730708.6997599157,8147.0,0.0,4167.0,0.0,1.0000800000000318
Adaptive Hysteresis (PF4-B),Uniform_10MB,1,0.016700029373168945,143,0.0,0.49430334678376453,125.46512937193187,250.84638004758952,0.31982037169406724,0.63915,3198203.716940672,1867440.2392403746,8426.0,0.0,4165.0,0.0,0.9996000000000318
Adaptive Hysteresis (PF4-B),Uniform_10MB,2,0.017387866973876953,144,0.0,0.5112883435582822,122.56217624997925,241.5983415642383,0.2989282008605991,0.59745,2989282.0086059915,1722904.8121749584,8150.0,0.0,4167.0,0.0,1.0000800000000318
Adaptive Hysteresis (PF4-B),Uniform_10MB,3,0.017199039459228516,145,0.0,0.5018667951342888,124.37132343744054,241.42759716581241,0.3068153047313552,0.6204,3068153.0473135523,1763693.7674737521,8303.0,0.0,4167.0,0.0,1.0000800000000318
Adaptive Hysteresis (PF4-B),Uniform_10MB,4,0.03994107246398926,146,0.0,0.5005405405405405,128.55261126551582,250.0680886021313,0.3169385686839577,0.6237,3169385.6868395773,1790938.3822917894,8325.0,0.0,4167.0,0.0,1.0000800000000318
Adaptive Hysteresis (PF4-B),Uniform_10MB,5,0.04796910285949707,147,0.0,0.4976710856323898,124.85403988522843,247.4852395106728,0.3137186124401914,0.6309,3137186.124401914,1818275.6258614166,8373.0,0.0,4167.0,0.0,1.0000800000000318
Adaptive Hysteresis (PF4-B),Uniform_10MB,6,0.016946077346801758,148,0.0,0.5170616701824048,122.10291468475252,242.46994201338114,0.2941575699329298,0.58395,2941575.699329298,1681383.3988203725,8059.0,0.0,4167.0,0.0,1.0000800000000318
Adaptive Hysteresis (PF4-B),Uniform_10MB,7,0.01732802391052246,149,0.0,0.49518716577540106,129.02294525599768,250.68802213372075,0.3201033261802575,0.6372,3201033.261802575,1809905.563341389,8415.0,0.0,4167.0,0.0,1.0000800000000318
Adaptive Hysteresis (PF4-B),Uniform_10MB,8,0.01657414436340332,150,0.0,0.4979089496953041,126.08007692034278,247.18144051938376,0.31483202776005104,0.63045,3148320.2776005105,1808515.5582015251,8369.0,0.0,4167.0,0.0,1.0000800000000318
Adaptive Hysteresis (PF4-B),Uniform_10MB,9,0.015607118606567383,151,0.0,0.5077991713380453,122.13267998955969,240.44275111322267,0.2990054513860826,0.60585,2990054.513860826,1726569.6518552445,8206.0,0.0,4167.0,0.0,1.0000800000000318
Adaptive Hysteresis (PF4-B),Bursty_10MB,0,0.04119706153869629,152,0.0,0.44777562862669246,173.5739122889136,332.2367158317818,0.49709250723669557,0.9,4970925.072366956,2645101.3682643366,9306.0,0.0,4167.0,1.0,1.0000800000000318
Adaptive Hysteresis (PF4-B),Bursty_10MB,1,0.017225980758666992,153,0.0,0.45665753424657535,163.43797556472848,326.0919234903313,0.4794304694553114,0.9,4794304.6945531145,2680167.7491658805,9125.0,0.0,4167.0,1.0,1.0000800000000318
Adaptive Hysteresis (PF4-B),Bursty_10MB,2,0.01787281036376953,154,0.0,0.45968008825151685,170.98316242042188,337.65546608296637,0.4962859507255139,0.9,4962859.507255139,2707308.016997406,9065.0,0.0,4167.0,1.0,1.0000800000000318
Adaptive Hysteresis (PF4-B),Bursty_10MB,3,0.01778697967529297,155,0.0,0.4391813482434856,177.19126806415872,354.4454004809366,0.5140644590236036,0.9,5140644.590236036,2674419.868887615,9479.0,0.0,4163.0,1.0,0.9991200000000318
Adaptive Hysteresis (PF4-B),Bursty_10MB,4,0.017673969268798828,156,0.0,0.4505839100346021,174.63602677692546,334.5646340499658,0.5030851956764816,0.9,5030851.956764815,2664991.2695662654,9248.0,0.0,4167.0,1.0,1.0000800000000318
Adaptive Hysteresis (PF4-B),Bursty_10MB,5,0.04079413414001465,157,0.0,0.4388959123472398,167.7555659937688,337.5159676396283,0.5018706875091521,0.9,5018706.875091521,2723860.3771628365,9492.0,0.0,4166.0,1.0,0.9998400000000317
Adaptive Hysteresis (PF4-B),Bursty_10MB,6,0.018739938735961914,158,0.0,0.4359108506853615,182.23840562264405,360.8728829403543,0.5217949209356555,0.9,5217949.209356555,2643221.5783227435,9557.0,0.0,4166.0,1.0,0.9998400000000317
Adaptive Hysteresis (PF4-B),Bursty_10MB,7,0.017791032791137695,159,0.0,0.4428616987349846,169.54613707853358,339.88430801488533,0.5034208539011272,0.9,5034208.539011273,2707940.565322277,9407.0,0.0,4166.0,1.0,0.9998400000000317
Adaptive Hysteresis (PF4-B),Bursty_10MB,8,0.018330812454223633,160,0.0,0.4246407826352797,174.83316680031382,350.4496052975092,0.5232326394849786,0.9,5232326.394849786,2716181.808564892,9813.0,0.0,4167.0,1.0,1.0000800000000318
Adaptive Hysteresis (PF4-B),Bursty_10MB,9,0.01820683479309082,161,0.0,0.41878019323671495,170.49286399133356,338.60604085872944,0.5170246116194935,0.9,5170246.1161949355,2738366.487336021,9936.0,0.0,4161.0,1.0,0.9986400000000317
Adaptive Hysteresis (PF4-B),Incast_50_senders,0,0.01207113265991211,162,0.0,0.6423065063213075,89.87444562727269,177.1347727752339,0.1743925178370259,0.348,1743925.178370259,999242.8595326543,6486.0,0.0,4166.0,0.0,0.9998400000000317
Adaptive Hysteresis (PF4-B),Incast_50_senders,1,0.03544497489929199,163,0.0,0.7245217391304348,69.13331014960642,136.09692080773613,0.11890997377974989,0.2376,1189099.737797499,679621.1700188045,5750.0,0.0,4166.0,0.0,0.9998400000000317
Adaptive Hysteresis (PF4-B),Incast_50_senders,2,0.01216578483581543,164,0.0,0.6549284703662946,86.94659211525517,171.23247402503415,0.1655385579937304,0.32985,1655385.5799373041,947994.1395708548,6361.0,0.0,4166.0,0.0,0.9998400000000317
Adaptive Hysteresis (PF4-B),Incast_50_senders,3,0.012212038040161133,165,0.0,0.6663467690339091,83.93620686032449,165.52259670395486,0.15725432424649646,0.3147,1572543.2424649645,903018.3804911311,6252.0,0.0,4166.0,0.0,0.9998400000000317
Adaptive Hysteresis (PF4-B),Incast_50_senders,4,0.01199793815612793,166,0.0,0.6560629921259843,86.4139547941512,170.34576298720745,0.1642658615443134,0.3285,1642658.6154431342,942036.4869612046,6350.0,0.0,4166.0,0.0,0.9998400000000317
Adaptive Hysteresis (PF4-B),Incast_50_senders,5,0.01190495491027832,167,0.0,0.6612698412698412,85.35038608680449,168.21515483434757,0.1610124163959488,0.3216,1610124.1639594878,922722.741707446,6300.0,0.0,4166.0,0.0,0.9998400000000317
Adaptive Hysteresis (PF4-B),Incast_50_senders,6,0.011934280395507812,168,0.0,0.6743282615733247,81.9044036212864,161.34409236812456,0.15141238399071927,0.3018,1514123.8399071926,866830.9901717555,6178.0,0.0,4166.0,0.0,0.9998400000000317
Adaptive Hysteresis (PF4-B),Incast_50_senders,7,0.01168203353881836,169,0.0,0.6797193669440366,80.47814823551808,158.54667661323722,0.14763762020398252,0.29445,1476376.2020398253,845907.2299417658,6129.0,0.0,4166.0,0.0,0.9998400000000317
Adaptive Hysteresis (PF4-B),Incast_50_senders,8,0.012259721755981445,170,0.0,0.6577202399747395,85.9085296423507,169.38259269369513,0.16287257142857142,0.3252,1628725.7142857143,934164.8973717823,6334.0,0.0,4166.0,0.0,0.9998400000000317
Adaptive Hysteresis (PF4-B),Incast_50_senders,9,0.011281728744506836,171,0.0,0.7076609478511976,73.43700435510573,144.5329497337147,0.12938115487914056,0.25815,1293811.5487914055,740507.1897108409,5887.0,0.0,4166.0,0.0,0.9998400000000317
Adaptive Hysteresis (PF4-B),Incast_Small_Buffer,0,0.01044607162475586,172,0.0,0.8774220724515586,52.27003226686136,71.65046469457509,0.6872401278887145,0.9,687240.1278887144,219830.12320122388,4748.0,0.0,4166.0,8.0,0.9998400000000317
Adaptive Hysteresis (PF4-B),Incast_Small_Buffer,1,0.010763168334960938,173,0.0,0.8896006833226564,51.46563842876464,71.46232065869947,0.6782337552265792,0.9,678233.7552265793,225405.6474994797,4683.0,0.0,4166.0,8.0,0.9998400000000317
Adaptive Hysteresis (PF4-B),Incast_Small_Buffer,2,0.010102033615112305,174,0.0,0.8964923606627933,50.69200590648804,71.49059030942549,0.6652509361170997,0.9,665250.9361170997,231895.1042235427,4647.0,0.0,4166.0,7.0,0.9998400000000317
Adaptive Hysteresis (PF4-B),Incast_Small_Buffer,3,0.010275125503540039,175,0.0,0.8982319965502372,52.70382482238147,71.5709827040216,0.6909496819627442,0.9,690949.6819627442,216793.14295957866,4638.0,0.0,4166.0,9.0,0.9998400000000317
Adaptive Hysteresis (PF4-B),Incast_Small_Buffer,4,0.01063394546508789,176,0.0,0.877606909627133,51.10828964179282,71.51289367197369,0.6734188825311342,0.9,673418.8825311343,226686.41752838044,4747.0,0.0,4166.0,7.0,0.9998400000000317
Adaptive Hysteresis (PF4-B),Incast_Small_Buffer,5,0.010834217071533203,177,0.0,0.8863829787234042,52.04022969261395,71.5354599218671,0.6822176291450485,0.9,682217.6291450484,220304.54008684075,4700.0,0.0,4166.0,8.0,0.9998400000000317
Adaptive Hysteresis (PF4-B),Incast_Small_Buffer,6,0.010503292083740234,178,0.0,0.8966853207059836,50.75005028499721,71.48349318735627,0.6660718338629142,0.9,666071.8338629142,231849.0487199045,4646.0,0.0,4166.0,7.0,0.9998400000000317
Adaptive Hysteresis (PF4-B),Incast_Small_Buffer,7,0.03909587860107422,179,0.0,0.8936078936078936,51.771086076442046,71.58970274208943,0.677293497961033,0.9,677293.497961033,221336.58764474545,4662.0,0.0,4166.0,8.0,0.9998400000000317
Adaptive Hysteresis (PF4-B),Incast_Small_Buffer,8,0.01127314567565918,180,0.0,0.8809473461619792,53.20465244577401,71.63947162716048,0.6993355817875211,0.9,699335.5817875211,211313.43223485348,4729.0,0.0,4166.0,10.0,0.9998400000000317
Adaptive Hysteresis (PF4-B),Incast_Small_Buffer,9,0.010670185089111328,181,0.0,0.8861944267177196,50.985793852643425,71.52298533071932,0.6700116161046578,0.9,670011.6161046578,228069.95357140747,4701.0,0.0,4166.0,7.0,0.9998400000000317
Adaptive Hysteresis (PF4-B),Incast_Large_Buffer,0,0.01283574104309082,182,0.0,0.645891472868217,89.03469612965164,175.53536570562693,0.017195855312735493,0.03438,1719585.5312735494,986558.9700988188,6450.0,0.0,4166.0,0.0,0.9998400000000317
Adaptive Hysteresis (PF4-B),Incast_Large_Buffer,1,0.011770963668823242,183,0.0,0.716546267629859,71.35721390813382,140.610293676071,0.012428362725450903,0.02481,1242836.2725450902,712320.258942235,5814.0,0.0,4166.0,0.0,0.9998400000000317
Adaptive Hysteresis (PF4-B),Incast_Large_Buffer,2,0.012703895568847656,184,0.0,0.6612698412698412,85.02511459874714,167.51314732441062,0.01602660280909612,0.03204,1602660.280909612,918349.0389944401,6300.0,0.0,4166.0,0.0,0.9998400000000317
Adaptive Hysteresis (PF4-B),Incast_Large_Buffer,3,0.01203775405883789,185,0.0,0.6780598958333334,80.90260448575116,159.30590232706695,0.014868554316197867,0.02967,1486855.4316197867,850675.2315030724,6144.0,0.0,4166.0,0.0,0.9998400000000317
Adaptive Hysteresis (PF4-B),Incast_Large_Buffer,4,0.012146949768066406,186,0.0,0.6980563002680965,75.94490218122407,149.7387131113545,0.013576170811130847,0.02709,1357617.0811130847,778490.8233828467,5968.0,0.0,4166.0,0.0,0.9998400000000317
Adaptive Hysteresis (PF4-B),Incast_Large_Buffer,5,0.012803077697753906,187,0.0,0.6264661654135338,93.98634838666204,185.24054495409342,0.018718582655325444,0.03741,1871858.2655325443,1074371.4802359922,6650.0,0.0,4166.0,0.0,0.9998400000000317
Adaptive Hysteresis (PF4-B),Incast_Large_Buffer,6,0.01297307014465332,188,0.0,0.6698826177842097,83.04418840124781,163.6572419606446,0.015462062108810784,0.03081,1546206.2108810784,886195.3503620476,6219.0,0.0,4166.0,0.0,0.9998400000000317
Adaptive Hysteresis (PF4-B),Incast_Large_Buffer,7,0.012481927871704102,189,0.0,0.6509375,87.67257284671537,172.64513018144507,0.016781023566155594,0.03351,1678102.3566155594,960869.2118848552,6400.0,0.0,4166.0,0.0,0.9998400000000317
Adaptive Hysteresis (PF4-B),Incast_Large_Buffer,8,0.012407779693603516,190,0.0,0.6943333333333334,76.70871564426096,151.16903482154677,0.013774528329726539,0.027555,1377452.832972654,789121.6178838769,6000.0,0.0,4166.0,0.0,0.9998400000000317
Adaptive Hysteresis (PF4-B),Incast_Large_Buffer,9,0.011925935745239258,191,0.0,0.6855356261313148,79.07291623326535,155.75443465296408,0.014382919066679682,0.028665,1438291.9066679683,823734.6923469185,6077.0,0.0,4166.0,0.0,0.9998400000000317
Predictive dV/dt (PF4-C),Uniform_10MB,0,0.04353618621826172,192,0.0,0.49868358066060314,123.21696699496562,246.51114625401962,0.3121019564002236,0.62835,3121019.564002236,1823965.925748529,8356.0,0.0,4167.0,20.0,1.0000800000000318
Predictive dV/dt (PF4-C),Uniform_10MB,1,0.01769709587097168,193,0.0,0.5135568153808233,122.96363243869503,241.75704704206157,0.2968877412262845,0.5922,2968877.412262845,1692226.0499495487,8114.0,0.0,4167.0,6.0,1.0000800000000318
Predictive dV/dt (PF4-C),Uniform_10MB,2,0.017678022384643555,194,0.0,0.5004804227720394,122.0860586388562,246.32328573313484,0.30854145121267906,0.62385,3085414.512126791,1814332.8880886342,8326.0,0.0,4167.0,21.0,1.0000800000000318
Predictive dV/dt (PF4-C),Uniform_10MB,3,0.016904830932617188,195,0.0,0.501504392827055,125.14415133238082,246.87502834361104,0.3100739259378006,0.6213,3100739.2593780058,1781434.308325465,8309.0,0.0,4167.0,11.0,1.0000800000000318
Predictive dV/dt (PF4-C),Uniform_10MB,4,0.016609668731689453,196,0.0,0.5079229644076061,123.16063061510873,245.62013580469133,0.30197639641096113,0.60555,3019763.964109611,1741464.7172283337,8204.0,0.0,4167.0,11.0,1.0000800000000318
Predictive dV/dt (PF4-C),Uniform_10MB,5,0.01667189598083496,197,0.0,0.49808749701171406,122.42404688476927,245.56938993537332,0.31083998643580946,0.62985,3108399.8643580945,1829312.2915162041,8366.0,0.0,4167.0,8.0,1.0000800000000318
Predictive dV/dt (PF4-C),Uniform_10MB,6,0.03916811943054199,198,0.0,0.5047238372093024,121.01896261110998,238.97776069635606,0.30005612170973195,0.61335,3000561.2170973197,1753978.7756570939,8256.0,0.0,4167.0,28.0,1.0000800000000318
Predictive dV/dt (PF4-C),Uniform_10MB,7,0.016874074935913086,199,0.0,0.5068109948917539,120.92725934084044,241.06309606546088,0.2992338485753491,0.6084,2992338.485753491,1750008.728534901,8222.0,0.0,4167.0,10.0,1.0000800000000318
Predictive dV/dt (PF4-C),Uniform_10MB,8,0.017121076583862305,200,0.0,0.5024113817217265,123.95321140400362,244.92287034706607,0.308095750742316,0.61905,3080957.50742316,1784180.4429039338,8294.0,0.0,4167.0,35.0,1.0000800000000318
Predictive dV/dt (PF4-C),Uniform_10MB,9,0.017079830169677734,201,0.0,0.49707672115499346,125.81817807388269,250.4116113744005,0.3172032198932016,0.6324,3172032.198932016,1828038.3368610854,8381.0,0.0,4166.0,23.0,0.9998400000000317
Predictive dV/dt (PF4-C),Bursty_10MB,0,0.01852703094482422,202,0.0,0.4715207790737176,172.5373689250694,334.6958641841091,0.4554266410157753,0.7026,4554266.410157753,2292802.428236654,8831.0,0.0,4164.0,2200.0,0.9993600000000318
Predictive dV/dt (PF4-C),Bursty_10MB,1,0.04211783409118652,203,0.0,0.47159348121321865,170.79431511488542,336.3106904973587,0.45088837191417364,0.70275,4508883.719141737,2280561.478700247,8836.0,0.0,4167.0,2158.0,1.0000800000000318
Predictive dV/dt (PF4-C),Bursty_10MB,2,0.018346786499023438,204,0.0,0.471580615942029,170.44309113317306,332.5029320691274,0.4526431830422405,0.70335,4526431.830422405,2307352.888537633,8832.0,0.0,4165.0,2214.0,0.9996000000000318
Predictive dV/dt (PF4-C),Bursty_10MB,3,0.0184781551361084,205,0.0,0.47138009049773755,175.13374630325492,340.99649085830833,0.46368393941723685,0.7032,4636839.394172369,2303530.1869127923,8840.0,0.0,4167.0,2275.0,1.0000800000000318
Predictive dV/dt (PF4-C),Bursty_10MB,4,0.01843714714050293,206,0.0,0.4715336728919072,166.74214842322374,328.4152140157352,0.4443967887085609,0.7029,4443967.887085609,2304846.8728001434,8835.0,0.0,4166.0,1950.0,0.9998400000000317
Predictive dV/dt (PF4-C),Bursty_10MB,5,0.018585205078125,207,0.0,0.4712006336992192,173.5891635396322,345.8583310508011,0.4633185485731867,0.70245,4633185.485731867,2341664.55784456,8837.0,0.0,4164.0,2278.0,0.9993600000000318
Predictive dV/dt (PF4-C),Bursty_10MB,6,0.04401993751525879,208,0.0,0.4712071501301052,171.6278340972087,331.0990105201124,0.45265496770224545,0.70245,4526549.677022454,2298800.3575623278,8839.0,0.0,4165.0,2051.0,0.9996000000000318
Predictive dV/dt (PF4-C),Bursty_10MB,7,0.018513917922973633,209,0.0,0.4717002490378085,178.7022766144487,349.181696748716,0.46646955234212756,0.7029,4664695.523421275,2289040.784784099,8834.0,0.0,4167.0,2155.0,1.0000800000000318
Predictive dV/dt (PF4-C),Bursty_10MB,8,0.018581867218017578,210,0.0,0.47115384615384615,173.51605251286855,341.2053155734871,0.46257184544405994,0.7032,4625718.454440599,2329285.3293387187,8840.0,0.0,4165.0,2082.0,0.9996000000000318
Predictive dV/dt (PF4-C),Bursty_10MB,9,0.018373966217041016,211,0.0,0.47143342007014366,165.31734331682668,321.2116004632824,0.43304214593264645,0.7026,4330421.459326465,2238454.366312412,8839.0,0.0,4167.0,2107.0,1.0000800000000318
Predictive dV/dt (PF4-C),Incast_50_senders,0,0.013495683670043945,212,0.0,0.636030534351145,91.55193632783202,180.44049233751736,0.17959414893617023,0.3591,1795941.4893617022,1030736.9128456579,6550.0,0.0,4166.0,0.0,0.9998400000000317
Predictive dV/dt (PF4-C),Incast_50_senders,1,0.01300811767578125,213,0.0,0.690535388695508,77.74142795738378,153.13409413622094,0.140391322678694,0.28005,1403913.22678694,804340.2754885448,6033.0,0.0,4166.0,0.0,0.9998400000000317
Predictive dV/dt (PF4-C),Incast_50_senders,2,0.012633085250854492,214,0.0,0.6842969776609724,79.25701211764694,156.1024773379486,0.1444047542422469,0.2883,1444047.5424224692,827335.8503543499,6088.0,0.0,4166.0,0.0,0.9998400000000317
Predictive dV/dt (PF4-C),Incast_50_senders,3,0.037795066833496094,215,0.0,0.663692846901386,84.4949585355901,166.5227789885633,0.15877193335248493,0.31665,1587719.3335248493,910389.1876201127,6277.0,0.0,4166.0,0.0,0.9998400000000317
Predictive dV/dt (PF4-C),Incast_50_senders,4,0.013535022735595703,216,0.0,0.6420095546309138,89.80173849071878,177.00591667601287,0.17439882684185828,0.34845,1743988.2684185829,1000629.2723288415,6489.0,0.0,4166.0,0.0,0.9998400000000317
Predictive dV/dt (PF4-C),Incast_50_senders,5,0.0118408203125,217,0.0,0.7506306306306306,62.623150424980814,123.26506480552226,0.10400977768629065,0.20805,1040097.7768629065,594288.1330617167,5550.0,0.0,4166.0,0.0,0.9998400000000317
Predictive dV/dt (PF4-C),Incast_50_senders,6,0.013195991516113281,218,0.0,0.66656,83.73258838683837,164.9980956348587,0.1566153801843318,0.31305,1566153.801843318,897588.4654149221,6250.0,0.0,4166.0,0.0,0.9998400000000317
Predictive dV/dt (PF4-C),Incast_50_senders,7,0.013037681579589844,219,0.0,0.6510392248788873,87.5700496955497,172.55164562762963,0.1676129531471841,0.33495,1676129.531471841,960337.4931532711,6399.0,0.0,4166.0,0.0,0.9998400000000317
Predictive dV/dt (PF4-C),Incast_50_senders,8,0.012611150741577148,220,0.0,0.6829508196721311,79.55436817595944,156.75812810773033,0.1452688924605494,0.2907,1452688.924605494,832951.1624255314,6100.0,0.0,4166.0,0.0,0.9998400000000317
Predictive dV/dt (PF4-C),Incast_50_senders,9,0.013015985488891602,221,0.0,0.635060975609756,91.84173637979477,181.0909757157222,0.18041706600783144,0.36,1804170.6600783144,1035055.7320214796,6560.0,0.0,4166.0,0.0,0.9998400000000317
Predictive dV/dt (PF4-C),Incast_Small_Buffer,0,0.011150121688842773,222,0.0,0.8990073370738023,46.04150808437172,56.267298023920866,0.6003378409090909,0.705,600337.8409090909,186048.42313194645,4634.0,0.0,4166.0,2513.0,0.9998400000000317
Predictive dV/dt (PF4-C),Incast_Small_Buffer,1,0.011445045471191406,223,0.0,0.8990073370738023,47.490331664788016,56.40543009663546,0.617703409090909,0.7065,617703.4090909091,174365.8311039176,4634.0,0.0,4166.0,2543.0,0.9998400000000317
Predictive dV/dt (PF4-C),Incast_Small_Buffer,2,0.011102914810180664,224,0.0,0.8993955094991365,46.827943666613,56.2841521291367,0.609801488974767,0.705,609801.488974767,180307.26724618842,4632.0,0.0,4166.0,2286.0,0.9998400000000317
Predictive dV/dt (PF4-C),Incast_Small_Buffer,3,0.011425971984863281,225,0.0,0.8993955094991365,46.27622415764207,56.45581522618336,0.6033387701750398,0.708,603338.7701750398,186181.47187331133,4632.0,0.0,4166.0,2225.0,0.9998400000000317
Predictive dV/dt (PF4-C),Incast_Small_Buffer,4,0.011661767959594727,226,0.0,0.8992013813943449,45.17008069049206,56.20286699893005,0.5899471530855779,0.7035,589947.1530855779,192379.67826634657,4633.0,0.0,4166.0,2485.0,0.9998400000000317
Predictive dV/dt (PF4-C),Incast_Small_Buffer,5,0.011297941207885742,227,0.0,0.8984257062756092,47.686125841213425,56.38116170470432,0.619987845052823,0.7065,619987.845052823,171509.0787774246,4637.0,0.0,4166.0,2538.0,0.9998400000000317
Predictive dV/dt (PF4-C),Incast_Small_Buffer,6,0.011503934860229492,228,0.0,0.8992013813943449,46.69566665280382,56.50948929323929,0.6081916126832594,0.708,608191.6126832594,181287.36732381774,4633.0,0.0,4166.0,2471.0,0.9998400000000317
Predictive dV/dt (PF4-C),Incast_Small_Buffer,7,0.0110626220703125,229,0.0,0.8992013813943449,46.566829417026,56.22513430580974,0.6066754176610978,0.7035,606675.4176610978,182411.38505706322,4633.0,0.0,4166.0,2279.0,0.9998400000000317
Predictive dV/dt (PF4-C),Incast_Small_Buffer,8,0.011194229125976562,230,0.0,0.8992013813943449,46.72462072417311,56.25762342126396,0.6084255028980566,0.705,608425.5028980566,180287.7922193156,4633.0,0.0,4166.0,2460.0,0.9998400000000317
Predictive dV/dt (PF4-C),Incast_Small_Buffer,9,0.011239290237426758,231,0.0,0.8992013813943449,44.987907507922436,56.22555577345703,0.5878499829526083,0.705,587849.9829526083,194035.10389964434,4633.0,0.0,4166.0,2699.0,0.9998400000000317
Predictive dV/dt (PF4-C),Incast_Large_Buffer,0,0.012946844100952148,232,0.0,0.6560629921259843,86.21720029583705,169.86508089828837,0.016378470901483453,0.03276,1637847.0901483453,938949.9417526188,6350.0,0.0,4166.0,0.0,0.9998400000000317
Predictive dV/dt (PF4-C),Incast_Large_Buffer,1,0.013070106506347656,233,0.0,0.667093674939952,83.59473961699348,164.6816696236092,0.015614321390836615,0.031185,1561432.1390836616,893857.2136556336,6245.0,0.0,4166.0,0.0,0.9998400000000317
Predictive dV/dt (PF4-C),Incast_Large_Buffer,2,0.03748488426208496,234,0.0,0.7121367521367521,72.23271149619939,142.20665432182528,0.012643529353035143,0.025275,1264352.9353035144,723526.344126003,5850.0,0.0,4166.0,0.0,0.9998400000000317
Predictive dV/dt (PF4-C),Incast_Large_Buffer,3,0.013137102127075195,235,0.0,0.6508358069051711,88.0223002789366,173.47599251227237,0.016874427936027257,0.033705,1687442.7936027255,967377.3987070245,6401.0,0.0,4166.0,0.0,0.9998400000000317
Predictive dV/dt (PF4-C),Incast_Large_Buffer,4,0.01310110092163086,236,0.0,0.6528757248080238,87.24286781682271,171.9161992069679,0.016658066748838532,0.033225,1665806.6748838532,954493.7526840966,6381.0,0.0,4166.0,0.0,0.9998400000000317
Predictive dV/dt (PF4-C),Incast_Large_Buffer,5,0.013039827346801758,237,0.0,0.636030534351145,91.70586110567093,180.8047315155887,0.01798120660694289,0.035895,1798120.660694289,1030449.4504086515,6550.0,0.0,4166.0,0.0,0.9998400000000317
Predictive dV/dt (PF4-C),Incast_Large_Buffer,6,0.012941122055053711,238,0.0,0.66656,83.669543588019,164.97301921988964,0.015658726958525347,0.03135,1565872.6958525346,898758.0299871959,6250.0,0.0,4166.0,0.0,0.9998400000000317
Predictive dV/dt (PF4-C),Incast_Large_Buffer,7,0.012907981872558594,239,0.0,0.6400368720233522,90.70483946146607,178.75286218920897,0.017676345667447305,0.03525,1767634.5667447306,1013135.0163262107,6509.0,0.0,4166.0,0.0,0.9998400000000317
Predictive dV/dt (PF4-C),Incast_Large_Buffer,8,0.013586997985839844,240,0.0,0.6719354838709677,82.29094587712368,162.09079736369063,0.015262074570711942,0.03051,1526207.4570711942,874167.730512965,6200.0,0.0,4166.0,0.0,0.9998400000000317
Predictive dV/dt (PF4-C),Incast_Large_Buffer,9,0.01352071762084961,241,0.0,0.6799412436755345,80.51025875434526,158.5913882061752,0.014765649956280968,0.029415,1476564.9956280969,845738.2177172791,6127.0,0.0,4166.0,0.0,0.9998400000000317
Credit Pacing (PF4-D),Uniform_10MB,0,0.01697993278503418,242,0.0,0.4941888045540797,124.99397685609112,250.26978245016974,0.3195653385189301,0.63975,3195653.385189301,1863490.4609836582,8432.0,0.0,4167.0,0.0,1.0000800000000318
Credit Pacing (PF4-D),Uniform_10MB,1,0.04017305374145508,243,0.0,0.5051521396532913,124.73953359884791,245.02138703876105,0.30796058311855673,0.6126,3079605.831185567,1768975.1949448143,8249.0,0.0,4167.0,0.0,1.0000800000000318
Credit Pacing (PF4-D),Uniform_10MB,2,0.01606583595275879,244,0.0,0.5082327113062569,120.88191163025012,239.9471780375304,0.2984796336729743,0.60495,2984796.336729743,1740341.6245048423,8199.0,0.0,4167.0,0.0,1.0000800000000318
Credit Pacing (PF4-D),Uniform_10MB,3,0.016524791717529297,245,0.0,0.5110375275938189,120.60347929901904,241.80668175905382,0.297005003652301,0.59805,2970050.0365230097,1727780.1176670245,8154.0,0.0,4167.0,0.0,1.0000800000000318
Credit Pacing (PF4-D),Uniform_10MB,4,0.01631903648376465,246,0.0,0.4992212771055469,126.67174341516156,251.34587723766484,0.3167745525011986,0.62715,3167745.5250119865,1813196.3199686443,8347.0,0.0,4167.0,0.0,1.0000800000000318
Credit Pacing (PF4-D),Uniform_10MB,5,0.016263961791992188,247,0.0,0.5004204204204205,124.67835601909196,246.15273544457767,0.31021099991994233,0.62385,3102109.9991994235,1789460.2075457417,8325.0,0.0,4166.0,0.0,0.9998400000000317
Credit Pacing (PF4-D),Uniform_10MB,6,0.01617288589477539,248,0.0,0.49226042774429873,129.2162512791074,254.5766767576417,0.32680674241824376,0.64455,3268067.4241824374,1862160.9218918665,8463.0,0.0,4166.0,0.0,0.9998400000000317
Credit Pacing (PF4-D),Uniform_10MB,7,0.04047703742980957,249,0.0,0.49713603818615754,123.60202500318456,246.50349224042867,0.314120887135342,0.6321,3141208.8713534195,1837658.7965492618,8380.0,0.0,4166.0,0.0,0.9998400000000317
Credit Pacing (PF4-D),Uniform_10MB,8,0.016205787658691406,250,0.0,0.5063198833252309,121.95432594955626,240.13054630081322,0.30106543085363885,0.6093,3010654.3085363884,1746496.2821390403,8228.0,0.0,4166.0,0.0,0.9998400000000317
Credit Pacing (PF4-D),Uniform_10MB,9,0.016933202743530273,251,0.0,0.4944820220719117,124.02451323155267,244.18953251945916,0.31685970700333493,0.639,3168597.070033349,1859770.370224564,8427.0,0.0,4167.0,0.0,1.0000800000000318
Credit Pacing (PF4-D),Bursty_10MB,0,0.016574859619140625,252,0.0,0.5194465220643231,179.94995714440225,354.88137557819687,0.4762394905242432,0.85005,4762394.905242432,2500109.786396898,8022.0,0.0,4167.0,1.0,1.0000800000000318
Credit Pacing (PF4-D),Bursty_10MB,1,0.01583695411682129,253,0.0,0.5460621150570043,182.47460298383476,357.7524989283088,0.46174791913883706,0.85005,4617479.1913883705,2412023.8829042334,7631.0,0.0,4167.0,1.0,1.0000800000000318
Credit Pacing (PF4-D),Bursty_10MB,2,0.01666426658630371,254,0.0,0.5100440960313571,168.34194472883073,341.9446734801523,0.46204063919532773,0.85005,4620406.391953277,2570529.506247054,8164.0,0.0,4164.0,1.0,0.9993600000000318
Credit Pacing (PF4-D),Bursty_10MB,3,0.040927886962890625,255,0.0,0.5300330872995673,179.03547420601984,350.2671844293847,0.46501517092239875,0.85005,4650151.709223988,2462393.1032635267,7858.0,0.0,4165.0,1.0,0.9996000000000318
Credit Pacing (PF4-D),Bursty_10MB,4,0.01644587516784668,256,0.0,0.5186706497386109,175.19638089785224,344.14878246774356,0.4652183058765675,0.85005,4652183.058765675,2501003.462711988,8034.0,0.0,4167.0,1.0,1.0000800000000318
Credit Pacing (PF4-D),Bursty_10MB,5,0.017138242721557617,257,0.0,0.49987989430699015,175.49395324127147,340.80817131210364,0.47036968289557973,0.85005,4703696.8289557975,2505298.27091801,8326.0,0.0,4162.0,1.0,0.9988800000000317
Credit Pacing (PF4-D),Bursty_10MB,6,0.01674818992614746,258,0.0,0.5213685925554581,177.05406170596598,345.21242557872347,0.46855566356372025,0.85005,4685556.635637202,2506001.11639632,7979.0,0.0,4160.0,1.0,0.9984000000000317
Credit Pacing (PF4-D),Bursty_10MB,7,0.016699790954589844,259,0.0,0.5164889660302504,178.52358922360452,352.90941928401423,0.4730558289731851,0.85005,4730558.289731851,2503876.8781266944,8066.0,0.0,4166.0,1.0,0.9998400000000317
Credit Pacing (PF4-D),Bursty_10MB,8,0.016528844833374023,260,0.0,0.5125492125984252,179.69715988305705,351.3751831470597,0.47209698633479746,0.85005,4720969.863347975,2483818.834146512,8128.0,0.0,4166.0,1.0,0.9998400000000317
Credit Pacing (PF4-D),Bursty_10MB,9,0.03981804847717285,261,0.0,0.5328812691914022,179.66152662682197,359.7117049627923,0.4675990025874301,0.85005,4675990.025874301,2480420.076063716,7816.0,0.0,4165.0,1.0,0.9996000000000318
Credit Pacing (PF4-D),Incast_50_senders,0,0.01219797134399414,262,0.0,0.6837354341047103,79.30365262276594,156.23359153106125,0.144611726289112,0.28905,1446117.26289112,828988.7397191958,6093.0,0.0,4166.0,0.0,0.9998400000000317
Credit Pacing (PF4-D),Incast_50_senders,1,0.012157917022705078,263,0.0,0.6719354838709677,82.51973090264812,162.63020795762372,0.15308411634188696,0.3057,1530841.1634188695,876318.2157219014,6200.0,0.0,4166.0,0.0,0.9998400000000317
Credit Pacing (PF4-D),Incast_50_senders,2,0.012227058410644531,264,0.0,0.6711777025938457,82.89755364421063,163.34868664502153,0.15405882097753784,0.30735,1540588.2097753785,882265.316156619,6207.0,0.0,4166.0,0.0,0.9998400000000317
Credit Pacing (PF4-D),Incast_50_senders,3,0.012197017669677734,265,0.0,0.6525689223057645,87.30087560271674,172.0839553338999,0.16678403317535545,0.3327,1667840.3317535545,955899.292361064,6384.0,0.0,4166.0,0.0,0.9998400000000317
Credit Pacing (PF4-D),Incast_50_senders,4,0.012171030044555664,266,0.0,0.6719354838709677,82.2705050705454,162.14097510646454,0.15261640459193518,0.30525,1526164.0459193517,874631.1054354326,6200.0,0.0,4166.0,0.0,0.9998400000000317
Credit Pacing (PF4-D),Incast_50_senders,5,0.012537240982055664,267,0.0,0.6612698412698412,85.40568088635378,168.27828025368314,0.1611150917255876,0.32175,1611150.9172558761,923052.3141245886,6300.0,0.0,4166.0,0.0,0.9998400000000317
Credit Pacing (PF4-D),Incast_50_senders,6,0.01228189468383789,268,0.0,0.6560629921259843,86.40819148292734,170.3551449168015,0.16426292316470142,0.3285,1642629.2316470142,942128.8139931615,6350.0,0.0,4166.0,0.0,0.9998400000000317
Credit Pacing (PF4-D),Incast_50_senders,7,0.012248754501342773,269,0.0,0.6468944099378882,88.59928737799318,174.597472825861,0.17074586554780313,0.3411,1707458.6554780314,979264.4293128814,6440.0,0.0,4166.0,0.0,0.9998400000000317
Credit Pacing (PF4-D),Incast_50_senders,8,0.037197113037109375,270,0.0,0.5826573426573427,104.70271951261591,206.47341563651779,0.22397158006362672,0.44775,2239715.8006362673,1285843.4174621427,7150.0,0.0,4166.0,0.0,0.9998400000000317
Credit Pacing (PF4-D),Incast_50_senders,9,0.012944936752319336,271,0.0,0.6375880012243649,91.00813567813799,179.376390431076,0.17795716822429908,0.3552,1779571.6822429907,1020608.7107321805,6534.0,0.0,4166.0,0.0,0.9998400000000317
Credit Pacing (PF4-D),Incast_Small_Buffer,0,0.010506153106689453,272,0.0,0.927426536064114,41.54406702606167,67.0622491737788,0.5339513167013168,0.8505,533951.3167013167,205685.8184075161,4492.0,0.0,4166.0,3.0,0.9998400000000317
Credit Pacing (PF4-D),Incast_Small_Buffer,1,0.01034998893737793,273,0.0,0.9190381645709244,40.354031335495115,66.87890794126376,0.5370600068973445,0.8505,537060.0068973445,210455.7721872885,4533.0,0.0,4166.0,3.0,0.9998400000000317
Credit Pacing (PF4-D),Incast_Small_Buffer,2,0.010232925415039062,274,0.0,0.9249555950266429,42.050300971920535,67.1729658656085,0.5358714532871973,0.8505,535871.4532871973,204285.46288038886,4504.0,0.0,4166.0,3.0,0.9998400000000317
Credit Pacing (PF4-D),Incast_Small_Buffer,3,0.010317087173461914,275,0.0,0.9038837057930137,43.48234471873598,67.38905304083107,0.5550584615384615,0.8505,555058.4615384615,187517.1066868227,4609.0,0.0,4166.0,4.0,0.9998400000000317
Credit Pacing (PF4-D),Incast_Small_Buffer,4,0.010762214660644531,276,0.0,0.9023175222005632,43.51665484276878,67.36144351394671,0.5560393942844131,0.8505,556039.3942844131,187839.76900342997,4617.0,0.0,4166.0,4.0,0.9998400000000317
Credit Pacing (PF4-D),Incast_Small_Buffer,5,0.010372161865234375,277,0.0,0.935759209344115,43.87532091671349,67.21578579895274,0.5692037015548851,0.8505,569203.7015548851,185873.3803228389,4452.0,0.0,4166.0,5.0,0.9998400000000317
Credit Pacing (PF4-D),Incast_Small_Buffer,6,0.010092020034790039,278,0.0,0.9340807174887893,42.88729478796358,67.36053926367798,0.5546809065615581,0.8505,554680.9065615581,195599.74561639174,4460.0,0.0,4166.0,4.0,0.9998400000000317
Credit Pacing (PF4-D),Incast_Small_Buffer,7,0.010425090789794922,279,0.0,0.8861944267177196,43.33763176881167,67.3264837672681,0.5650231194316003,0.8505,565023.1194316003,186926.66495596425,4701.0,0.0,4166.0,4.0,0.9998400000000317
Credit Pacing (PF4-D),Incast_Small_Buffer,8,0.010963201522827148,280,0.0,0.8936078936078936,43.38321055083044,67.35179010849443,0.5599417761667422,0.8505,559941.7761667422,187197.89725906003,4662.0,0.0,4166.0,4.0,0.9998400000000317
Credit Pacing (PF4-D),Incast_Small_Buffer,9,0.010892629623413086,281,0.0,0.8807610993657505,43.38228367493793,67.39534880601478,0.5686817670863309,0.8505,568681.7670863309,188819.50191479753,4730.0,0.0,4166.0,5.0,0.9998400000000317
Credit Pacing (PF4-D),Incast_Large_Buffer,0,0.011775970458984375,282,0.0,0.670745451618097,82.96197980722917,163.4727710323822,0.015429651633420062,0.030765,1542965.1633420063,884061.0280332066,6211.0,0.0,4166.0,0.0,0.9998400000000317
Credit Pacing (PF4-D),Incast_Large_Buffer,1,0.012307167053222656,283,0.0,0.637295395441334,91.06368100648987,179.5970507188142,0.017812650658693824,0.035565,1781265.0658693823,1021449.3372993871,6537.0,0.0,4166.0,0.0,0.9998400000000317
Credit Pacing (PF4-D),Incast_Large_Buffer,2,0.011285066604614258,284,0.0,0.7057428426223954,74.22460778905747,146.2332860412465,0.013123808223259509,0.02622,1312380.822325951,751471.1294030052,5903.0,0.0,4166.0,0.0,0.9998400000000317
Credit Pacing (PF4-D),Incast_Large_Buffer,3,0.012639999389648438,285,0.0,0.6239329039988019,94.50022199780521,186.33835543150607,0.018888315964216546,0.037665,1888831.5964216546,1083824.5271462256,6677.0,0.0,4166.0,0.0,0.9998400000000317
Credit Pacing (PF4-D),Incast_Large_Buffer,4,0.012868881225585938,286,0.0,0.603768115942029,99.64874263230463,196.54501914701032,0.020587760256641965,0.041145,2058776.0256641966,1181879.8652639298,6900.0,0.0,4166.0,0.0,0.9998400000000317
Credit Pacing (PF4-D),Incast_Large_Buffer,5,0.012773752212524414,287,0.0,0.6263719741392272,94.04156770376532,185.56785003039644,0.018739063048904502,0.037455,1873906.3048904503,1076051.4212229066,6651.0,0.0,4166.0,0.0,0.9998400000000317
Credit Pacing (PF4-D),Incast_Large_Buffer,6,0.011529922485351562,288,0.0,0.6892786234281932,77.98570707297687,153.6036957713637,0.014100900587659157,0.02817,1410090.0587659157,807178.7383932386,6044.0,0.0,4166.0,0.0,0.9998400000000317
Credit Pacing (PF4-D),Incast_Large_Buffer,7,0.03751206398010254,289,0.0,0.6829508196721311,79.73285882535855,156.98016756210396,0.014557821449444768,0.0291,1455782.144944477,833752.328078306,6100.0,0.0,4166.0,0.0,0.9998400000000317
Credit Pacing (PF4-D),Incast_Large_Buffer,8,0.012144088745117188,290,0.0,0.6710695876288659,82.83166955803746,163.05449350612415,0.015397462406015038,0.030735,1539746.2406015038,882369.3852874634,6208.0,0.0,4166.0,0.0,0.9998400000000317
Credit Pacing (PF4-D),Incast_Large_Buffer,9,0.01343989372253418,291,0.0,0.5867605633802817,103.87538601689737,204.89510191184257,0.022071970086987396,0.0441,2207197.0086987396,1266742.2484539675,7100.0,0.0,4166.0,0.0,0.9998400000000317
Buffer Partitioning (PF4-E),Uniform_10MB,0,0.01668405532836914,292,0.0,0.4994604963433641,126.83370942788638,250.75798911725505,0.3165709282801631,0.62625,3165709.282801631,1812428.6439432933,8341.0,0.0,4166.0,0.0,0.9998400000000317
Buffer Partitioning (PF4-E),Uniform_10MB,1,0.01608133316040039,293,0.0,0.5061353419997571,124.89164007351059,249.2118627556698,0.3095970839719287,0.6102,3095970.839719287,1779057.5533660967,8231.0,0.0,4166.0,0.0,0.9998400000000317
Buffer Partitioning (PF4-E),Uniform_10MB,2,0.016392230987548828,294,0.0,0.5073663703884086,124.68610116774569,246.4409527753882,0.30413815831987073,0.6069,3041381.5831987076,1735232.3764134739,8213.0,0.0,4167.0,0.0,1.0000800000000318
Buffer Partitioning (PF4-E),Uniform_10MB,3,0.016534090042114258,295,0.0,0.5066261398176292,121.57308953345664,237.72567890955182,0.2994201420271143,0.6087,2994201.420271143,1735557.0745563305,8225.0,0.0,4167.0,0.0,1.0000800000000318
Buffer Partitioning (PF4-E),Uniform_10MB,4,0.04067802429199219,296,0.0,0.5083567158716603,123.01329568984752,244.75988854679105,0.3006216920090585,0.6045,3006216.9200905855,1731848.6754735797,8197.0,0.0,4167.0,0.0,1.0000800000000318
Buffer Partitioning (PF4-E),Uniform_10MB,5,0.01676201820373535,297,0.0,0.4919135875339393,125.96875224085629,248.86973844631362,0.3211283391359392,0.6456,3211283.391359392,1862721.3974857745,8471.0,0.0,4167.0,0.0,1.0000800000000318
Buffer Partitioning (PF4-E),Uniform_10MB,6,0.01614212989807129,298,0.0,0.4992212771055469,124.975806370045,249.30465531079906,0.3128908542432476,0.627,3128908.542432476,1808599.2872768624,8347.0,0.0,4167.0,0.0,1.0000800000000318
Buffer Partitioning (PF4-E),Uniform_10MB,7,0.016469955444335938,299,0.0,0.5009015506671475,124.61754310312965,248.61449504820368,0.3117307424315233,0.6228,3117307.4243152332,1807027.3231172275,8319.0,0.0,4167.0,0.0,1.0000800000000318
Buffer Partitioning (PF4-E),Uniform_10MB,8,0.01641082763671875,300,0.0,0.4966626936829559,125.14991758165615,247.52478044298857,0.31528890260412523,0.63345,3152889.026041252,1823305.2761989266,8390.0,0.0,4167.0,0.0,1.0000800000000318
Buffer Partitioning (PF4-E),Uniform_10MB,9,0.016423940658569336,301,0.0,0.4967811158798283,125.25814001541298,248.50419510448472,0.31737749103942653,0.63315,3173774.9103942653,1841227.7215089255,8388.0,0.0,4167.0,0.0,1.0000800000000318
Buffer Partitioning (PF4-E),Bursty_10MB,0,0.042671918869018555,302,0.0,0.4385854120618882,179.1488402354198,352.40420781588136,0.520788608428446,0.8001,5207886.08428446,2660121.8798353886,9501.0,0.0,4167.0,0.0,1.0000800000000318
Buffer Partitioning (PF4-E),Bursty_10MB,1,0.018262147903442383,303,0.0,0.4384672070744289,169.1923749765773,339.5186073789474,0.49575891393442617,0.8001,4957589.139344262,2647401.8523451746,9499.0,0.0,4165.0,0.0,0.9996000000000318
Buffer Partitioning (PF4-E),Bursty_10MB,2,0.018410921096801758,304,0.0,0.438454248710119,175.50176473053898,340.61912819607704,0.5087366334821755,0.8001,5087366.334821755,2648208.3590102335,9497.0,0.0,4164.0,0.0,0.9993600000000318
Buffer Partitioning (PF4-E),Bursty_10MB,3,0.018702030181884766,305,0.0,0.4384672070744289,173.71946471194292,349.15775092814397,0.5142979654566744,0.8001,5142979.654566744,2694904.290273439,9499.0,0.0,4165.0,0.0,0.9996000000000318
Buffer Partitioning (PF4-E),Bursty_10MB,4,0.045085906982421875,306,0.0,0.43863157894736843,175.88085569834232,348.32216779552834,0.509758564425258,0.8001,5097585.64425258,2634916.705514455,9500.0,0.0,4167.0,0.0,1.0000800000000318
Buffer Partitioning (PF4-E),Bursty_10MB,5,0.018584012985229492,307,0.0,0.4383099778737752,176.33653586768511,345.2377075528558,0.51792170536957,0.8001,5179217.0536957,2681317.9041792643,9491.0,0.0,4160.0,0.0,0.9984000000000317
Buffer Partitioning (PF4-E),Bursty_10MB,6,0.01837897300720215,308,0.0,0.4384672070744289,164.20988509925016,322.56942612076057,0.4909483533372365,0.8001,4909483.533372365,2684001.888348443,9499.0,0.0,4165.0,0.0,0.9996000000000318
Buffer Partitioning (PF4-E),Bursty_10MB,7,0.018934011459350586,309,0.0,0.4384672070744289,175.4860725393337,349.2074855985783,0.5183192037470726,0.8001,5183192.037470726,2700045.0525489985,9499.0,0.0,4165.0,0.0,0.9996000000000318
Buffer Partitioning (PF4-E),Bursty_10MB,8,0.018687009811401367,310,0.0,0.4385263157894737,165.74759303420768,338.44431217845977,0.4980649458510172,0.8001,4980649.458510172,2707911.0468125087,9500.0,0.0,4166.0,0.0,0.9998400000000317
Buffer Partitioning (PF4-E),Bursty_10MB,9,0.042498111724853516,311,0.0,0.4387239418825016,177.43636401098993,349.23985324690796,0.5179733150384194,0.8001,5179733.150384193,2670033.35645178,9498.0,0.0,4167.0,0.0,1.0000800000000318
Buffer Partitioning (PF4-E),Incast_50_senders,0,0.012608051300048828,312,0.0,0.6409230769230769,90.20652832722872,177.76643239003107,0.17545470185636602,0.3507,1754547.0185636603,1005849.1982249022,6500.0,0.0,4166.0,0.0,0.9998400000000317
Buffer Partitioning (PF4-E),Incast_50_senders,1,0.011832237243652344,313,0.0,0.7034785545423843,74.6287453118182,146.98297016872988,0.1323237609040444,0.26355,1323237.609040444,757701.3384861404,5922.0,0.0,4166.0,0.0,0.9998400000000317
Buffer Partitioning (PF4-E),Incast_50_senders,2,0.01255488395690918,314,0.0,0.6560629921259843,86.19822619977313,169.85910319836321,0.16381817230886267,0.3279,1638181.7230886267,939997.4770036457,6350.0,0.0,4166.0,0.0,0.9998400000000317
Buffer Partitioning (PF4-E),Incast_50_senders,3,0.010857105255126953,315,0.0,0.7714814814814814,57.38200290307614,112.95092258368224,0.09275116558645202,0.1857,927511.6558645202,529868.8917921701,5400.0,0.0,4166.0,0.0,0.9998400000000317
Buffer Partitioning (PF4-E),Incast_50_senders,4,0.011242866516113281,316,0.0,0.7366931918656057,66.42854910548637,130.86046366178823,0.11253389166072703,0.22485,1125338.9166072703,644023.3151144169,5655.0,0.0,4166.0,0.0,0.9998400000000317
Buffer Partitioning (PF4-E),Incast_50_senders,5,0.013083696365356445,317,0.0,0.6509375,87.64966958812576,172.74993345692087,0.16786219477569564,0.33555,1678621.9477569563,962304.5562717757,6400.0,0.0,4166.0,0.0,0.9998400000000317
Buffer Partitioning (PF4-E),Incast_50_senders,6,0.01162409782409668,318,0.0,0.7047876839790221,74.44520462880682,146.62943581582164,0.13179712712116703,0.26295,1317971.2712116702,754659.5249870423,5911.0,0.0,4166.0,0.0,0.9998400000000317
Buffer Partitioning (PF4-E),Incast_50_senders,7,0.012527942657470703,319,0.0,0.6354484441732764,91.79264814051757,181.01843248207732,0.18022214605484052,0.35985,1802221.460548405,1033834.3322519341,6556.0,0.0,4166.0,0.0,0.9998400000000317
Buffer Partitioning (PF4-E),Incast_50_senders,8,0.01183009147644043,320,0.0,0.6853100838953775,79.07660070383352,155.76580518997912,0.14390560761347,0.28695,1439056.0761346999,824680.5773239419,6079.0,0.0,4166.0,0.0,0.9998400000000317
Buffer Partitioning (PF4-E),Incast_50_senders,9,0.011369943618774414,321,0.0,0.6761889303684466,81.4420811835934,160.56964715395563,0.150338433233272,0.30045,1503384.33233272,862995.5329429229,6161.0,0.0,4166.0,0.0,0.9998400000000317
Buffer Partitioning (PF4-E),Incast_Small_Buffer,0,0.010529041290283203,322,0.0,0.8865716109810599,51.516893327598645,64.06249726150143,0.6769805414551607,0.801,676980.5414551607,219033.6866373306,4699.0,0.0,4166.0,0.0,0.9998400000000317
Buffer Partitioning (PF4-E),Incast_Small_Buffer,1,0.010853767395019531,323,0.0,0.8863829787234042,52.49896464315183,64.06219151983368,0.6885411121136928,0.801,688541.1121136928,211449.17120594459,4700.0,0.0,4166.0,0.0,0.9998400000000317
Buffer Partitioning (PF4-E),Incast_Small_Buffer,2,0.010693788528442383,324,0.0,0.8865716109810599,52.46809314574841,64.06008982688152,0.6881558375634518,0.801,688155.8375634517,211786.31681193545,4699.0,0.0,4166.0,0.0,0.9998400000000317
Buffer Partitioning (PF4-E),Incast_Small_Buffer,3,0.010457992553710938,325,0.0,0.8865716109810599,52.1573685533896,64.05716748213774,0.6845764805414553,0.801,684576.4805414552,214461.58981913002,4699.0,0.0,4166.0,0.0,0.9998400000000317
Buffer Partitioning (PF4-E),Incast_Small_Buffer,4,0.01023101806640625,326,0.0,0.8865716109810599,51.216359241603996,64.05452724533893,0.6734265651438239,0.801,673426.565143824,221367.62653875817,4699.0,0.0,4166.0,0.0,0.9998400000000317
Buffer Partitioning (PF4-E),Incast_Small_Buffer,5,0.03733086585998535,327,0.0,0.8865716109810599,48.7613241189253,64.0561422973129,0.6444817258883249,0.801,644481.7258883249,236675.86837515348,4699.0,0.0,4166.0,0.0,0.9998400000000317
Buffer Partitioning (PF4-E),Incast_Small_Buffer,6,0.010846853256225586,328,0.0,0.8863829787234042,49.64036886866273,64.05561018010911,0.6549438867584029,0.801,654943.8867584029,232196.8554701794,4700.0,0.0,4166.0,0.0,0.9998400000000317
Buffer Partitioning (PF4-E),Incast_Small_Buffer,7,0.011141061782836914,329,0.0,0.8863829787234042,53.19336590478375,64.06156191168883,0.6967395104895104,0.801,696739.5104895105,205473.9413283858,4700.0,0.0,4166.0,0.0,0.9998400000000317
Buffer Partitioning (PF4-E),Incast_Small_Buffer,8,0.010874271392822266,330,0.0,0.8865716109810599,52.347189339044775,64.05849682225009,0.686724703891709,0.801,686724.703891709,212624.16879605947,4699.0,0.0,4166.0,0.0,0.9998400000000317
Buffer Partitioning (PF4-E),Incast_Small_Buffer,9,0.010797977447509766,331,0.0,0.8865716109810599,52.722403615193066,64.05761895494398,0.6912225042301184,0.801,691222.5042301185,209777.17487281724,4699.0,0.0,4166.0,0.0,0.9998400000000317
Buffer Partitioning (PF4-E),Incast_Large_Buffer,0,0.011678218841552734,332,0.0,0.7013468013468014,75.02720178500427,147.77288337800996,0.01333269493370275,0.02661,1333269.493370275,762596.9402247396,5940.0,0.0,4166.0,0.0,0.9998400000000317
Buffer Partitioning (PF4-E),Incast_Large_Buffer,1,0.011703014373779297,333,0.0,0.7008748317631225,74.95195899976457,147.69032292608733,0.013333948071216618,0.02667,1333394.8071216617,764290.10136094,5944.0,0.0,4166.0,0.0,0.9998400000000317
Buffer Partitioning (PF4-E),Incast_Large_Buffer,2,0.01187896728515625,334,0.0,0.6676282051282051,83.42001338210078,164.35389559861048,0.015577520180665001,0.03111,1557752.0180665,892879.4269861828,6240.0,0.0,4166.0,0.0,0.9998400000000317
Buffer Partitioning (PF4-E),Incast_Large_Buffer,3,0.013040781021118164,335,0.0,0.6002017000432215,100.29403749482543,197.8521399674105,0.020829183397857207,0.041625,2082918.3397857207,1195623.6634403698,6941.0,0.0,4166.0,0.0,0.9998400000000317
Buffer Partitioning (PF4-E),Incast_Large_Buffer,4,0.012175798416137695,336,0.0,0.6321699544764795,92.29893127594018,182.0097526976757,0.018203166604685756,0.03636,1820316.6604685758,1044445.73918271,6590.0,0.0,4166.0,0.0,0.9998400000000317
Buffer Partitioning (PF4-E),Incast_Large_Buffer,5,0.012761116027832031,337,0.0,0.6371979198531661,91.06340753059588,179.48848004176455,0.017812303811659193,0.03558,1781230.3811659194,1021236.8196023456,6538.0,0.0,4166.0,0.0,0.9998400000000317
Buffer Partitioning (PF4-E),Incast_Large_Buffer,6,0.011389970779418945,338,0.0,0.7121367521367521,72.32468130002616,142.44430620694015,0.012662890375399362,0.02532,1266289.0375399361,724707.6795304432,5850.0,0.0,4166.0,0.0,0.9998400000000317
Buffer Partitioning (PF4-E),Incast_Large_Buffer,7,0.01219630241394043,339,0.0,0.6569941649582085,86.04424288092461,169.61786530360456,0.016328340154182924,0.032625,1632834.0154182925,936437.0993513048,6341.0,0.0,4166.0,0.0,0.9998400000000317
Buffer Partitioning (PF4-E),Incast_Large_Buffer,8,0.011780023574829102,340,0.0,0.6930627183496922,77.31093980368601,152.3032657000089,0.013920476073499066,0.02778,1392047.6073499066,797922.0942461852,6011.0,0.0,4166.0,0.0,0.9998400000000317
Buffer Partitioning (PF4-E),Incast_Large_Buffer,9,0.01164698600769043,341,0.0,0.7182758620689655,70.81908326346225,139.4236212128385,0.012294327212522577,0.024585,1229432.7212522577,703446.4035226125,5800.0,0.0,4166.0,0.0,0.9998400000000317
